<?xml version="1.0" encoding="UTF-8" standalone="yes"?>
<addon id="resource.images.alivegr.artwork" name="AliveGR Artwork" version="3.0.6" provider-name="Twilight0">
	<extension point="kodi.resource.images" compile="false" type="AliveGR" />
	<requires>
		<import addon="kodi.resource" version="1.0.0"/>
	</requires>
	<extension point="xbmc.addon.metadata">
		<summary lang="en">AliveGR's main artwork</summary>
		<description lang="en">Artwork is distributed separately to allow easier maintenance and consume less bandwidth</description>
		<platform>all</platform>
	</extension>
</addon>
